<?xml version="1.0" encoding="UTF-8"?>
<GenRun Id="synth_2" LaunchPart="xc7a75tfgg484-1" LaunchTime="1462864769">
  <File Type="RDS-PROPCONSTRS" Name="AHBLITE_SYS_drc_synth.rpt"/>
  <File Type="PA-TCL" Name="AHBLITE_SYS.tcl"/>
  <File Type="RDS-RDS" Name="AHBLITE_SYS.vds"/>
  <File Type="RDS-UTIL" Name="AHBLITE_SYS_utilization_synth.rpt"/>
  <File Type="RDS-UTIL-PB" Name="AHBLITE_SYS_utilization_synth.pb"/>
  <File Type="RDS-DCP" Name="AHBLITE_SYS.dcp"/>
  <File Type="VDS-TIMINGSUMMARY" Name="AHBLITE_SYS_timing_summary_synth.rpt"/>
  <File Type="VDS-TIMING-PB" Name="AHBLITE_SYS_timing_summary_synth.pb"/>
  <FileSet Name="sources" Type="DesignSrcs" RelSrcDir="$PSRCDIR/sources_1">
    <Filter Type="Srcs"/>
    <File Path="$PSRCDIR/sources_1/imports/source/cortexm0ds_logic.v">
      <FileInfo>
        <Attr Name="ImportPath" Val="$PPRDIR/../cortex_m0.srcs/sources_1/imports/source/cortexm0ds_logic.v"/>
        <Attr Name="ImportTime" Val="1280876400"/>
        <Attr Name="UsedIn" Val="synthesis"/>
        <Attr Name="UsedIn" Val="implementation"/>
        <Attr Name="UsedIn" Val="simulation"/>
      </FileInfo>
    </File>
    <File Path="$PSRCDIR/sources_1/imports/source/CORTEXM0DS.v">
      <FileInfo>
        <Attr Name="ImportPath" Val="$PPRDIR/../cortex_m0.srcs/sources_1/imports/source/CORTEXM0DS.v"/>
        <Attr Name="ImportTime" Val="1280876400"/>
        <Attr Name="UsedIn" Val="synthesis"/>
        <Attr Name="UsedIn" Val="implementation"/>
        <Attr Name="UsedIn" Val="simulation"/>
      </FileInfo>
    </File>
    <File Path="$PSRCDIR/sources_1/imports/source/AHBMUX.v">
      <FileInfo>
        <Attr Name="ImportPath" Val="$PPRDIR/../cortex_m0.srcs/sources_1/imports/source/AHBMUX.v"/>
        <Attr Name="ImportTime" Val="1379313012"/>
        <Attr Name="UsedIn" Val="synthesis"/>
        <Attr Name="UsedIn" Val="implementation"/>
        <Attr Name="UsedIn" Val="simulation"/>
      </FileInfo>
    </File>
    <File Path="$PSRCDIR/sources_1/imports/source/AHBDCD.v">
      <FileInfo>
        <Attr Name="ImportPath" Val="$PPRDIR/../cortex_m0.srcs/sources_1/imports/source/AHBDCD.v"/>
        <Attr Name="ImportTime" Val="1379313012"/>
        <Attr Name="UsedIn" Val="synthesis"/>
        <Attr Name="UsedIn" Val="implementation"/>
        <Attr Name="UsedIn" Val="simulation"/>
      </FileInfo>
    </File>
    <File Path="$PSRCDIR/sources_1/imports/source/AHB2BRAM.v">
      <FileInfo>
        <Attr Name="ImportPath" Val="$PPRDIR/../cortex_m0.srcs/sources_1/imports/source/AHB2BRAM.v"/>
        <Attr Name="ImportTime" Val="1434701918"/>
        <Attr Name="UsedIn" Val="synthesis"/>
        <Attr Name="UsedIn" Val="implementation"/>
        <Attr Name="UsedIn" Val="simulation"/>
      </FileInfo>
    </File>
    <File Path="$PSRCDIR/sources_1/imports/source/AHB2LED.v">
      <FileInfo>
        <Attr Name="ImportPath" Val="$PPRDIR/../cortex_m0.srcs/sources_1/imports/source/AHB2LED.v"/>
        <Attr Name="ImportTime" Val="1379313012"/>
        <Attr Name="UsedIn" Val="synthesis"/>
        <Attr Name="UsedIn" Val="implementation"/>
        <Attr Name="UsedIn" Val="simulation"/>
      </FileInfo>
    </File>
    <File Path="$PPRDIR/../source/AHB7SEGDEC_V1.v">
      <FileInfo>
        <Attr Name="UsedIn" Val="synthesis"/>
        <Attr Name="UsedIn" Val="implementation"/>
        <Attr Name="UsedIn" Val="simulation"/>
      </FileInfo>
    </File>
    <File Path="$PSRCDIR/sources_1/imports/source/AHBLITE_SYS.v">
      <FileInfo>
        <Attr Name="ImportPath" Val="$PPRDIR/../cortex_m0.srcs/sources_1/imports/source/AHBLITE_SYS.v"/>
        <Attr Name="ImportTime" Val="1434784280"/>
        <Attr Name="UsedIn" Val="synthesis"/>
        <Attr Name="UsedIn" Val="implementation"/>
        <Attr Name="UsedIn" Val="simulation"/>
      </FileInfo>
    </File>
    <File Path="$PPRDIR/software/code.hex">
      <FileInfo SFType="MIF">
        <Attr Name="UsedIn" Val="synthesis"/>
        <Attr Name="UsedIn" Val="simulation"/>
      </FileInfo>
    </File>
    <Config>
      <Option Name="DesignMode" Val="RTL"/>
      <Option Name="TopModule" Val="AHBLITE_SYS"/>
    </Config>
  </FileSet>
  <FileSet Name="constrs_in" Type="Constrs" RelSrcDir="$PSRCDIR/constrs_1">
    <Filter Type="Constrs"/>
    <File Path="$PSRCDIR/constrs_1/new/top.xdc">
      <FileInfo>
        <Attr Name="UsedIn" Val="synthesis"/>
        <Attr Name="UsedIn" Val="implementation"/>
      </FileInfo>
    </File>
    <Config>
      <Option Name="TargetConstrsFile" Val="$PSRCDIR/constrs_1/new/top.xdc"/>
      <Option Name="ConstrsType" Val="XDC"/>
    </Config>
  </FileSet>
  <Strategy Version="1" Minor="2">
    <StratHandle Name="Flow_PerfOptimized_high" Flow="Vivado Synthesis 2016"/>
    <Step Id="synth_design">
      <Option Id="KeepEquivalentRegisters">1</Option>
      <Option Id="FsmExtraction">1</Option>
      <Option Id="RepFanoutThreshold">400</Option>
      <Option Id="ResourceSharing">2</Option>
      <Option Id="NoCombineLuts">1</Option>
      <Option Id="ShregMinSize">5</Option>
      <Option Id="FlattenHierarchy">1</Option>
    </Step>
  </Strategy>
  <BlockFileSet Type="BlockSrcs" Name="clk_wiz_0"/>
</GenRun>
