<?xml version="1.0"?>
<Runs Version="1" Minor="0">
	<Run Id="synth_1" LaunchDir="G:/Desktop/cortex_m0_k7325t_2020.2/cortex_m0.runs/synth_1" FlowId="Vivado_Synthesis" FromStepId="vivado" ToStepId="vivado"/>
	<Run Id="impl_k7" LaunchDir="G:/Desktop/cortex_m0_k7325t_2020.2/cortex_m0.runs/impl_k7" FlowId="Vivado_Implementation" FromStepId="init_design" ToStepId="post_route_phys_opt_design">
		<Parent Id="synth_1"/>
	</Run>
	<Parameters>
		<Parameter Name="runs.monitorLSFJobs" Val="true" Type="bool"/>
		<Parameter Name="runs.enableClusterConf" Val="true" Type="bool"/>
	</Parameters>
</Runs>

