<?xml version="1.0"?>
<Runs Version="1" Minor="0">
	<Run Id="clk_wiz_0_synth_1" LaunchDir="E:/cortex-m0_example/cortex_m0_timer/cortex_m0.runs/clk_wiz_0_synth_1" FlowId="Vivado_Synthesis" FromStepId="vivado" ToStepId="vivado"/>
	<Run Id="synth_1" LaunchDir="E:/cortex-m0_example/cortex_m0_timer/cortex_m0.runs/synth_1" FlowId="Vivado_Synthesis" FromStepId="vivado" ToStepId="vivado">
		<Parent Id="clk_wiz_0_synth_1"/>
	</Run>
	<Run Id="impl_1" LaunchDir="E:/cortex-m0_example/cortex_m0_timer/cortex_m0.runs/impl_1" FlowId="Vivado_Implementation" FromStepId="init_design" ToStepId="post_route_phys_opt_design">
		<Parent Id="synth_1"/>
		<Parent Id="clk_wiz_0_synth_1"/>
	</Run>
</Runs>

